,index,sequence,db_structure,min_levenstein_by_seq,min_levenshtein_by_seq_seq,min_levenshtein_by_seq_dbs,min_levenstein_by_dbs,min_levenshtein_by_dbs_seq,min_levenshtein_by_dbs_dbs,min_tde,min_tde_sequence,min_tde_db
1,104,GGTAGTACGGAGCATCGTCAAGTAAGCTTTAGGGATGGCACGTGGAGTGA,......(((((((.((.....).).))))...........))).......,0.42,CGATAGATACGTAGGAGCGTTAGCTATAGCCGTACATAGA,...((..((((....(((....))).....))))..))..,0.2115384615384615,CATCTCAGTAAGTGATAATCAAATCGCCCACGTAATACCTCCATGTGTGACG,(((....(((.(((.(.((...)).)..)))....)))....))).......,18,GGGGCAGTAGGAGGTTAGGCCAGGGAGAGAGGAAGGTAGG,..(((...(......)..)))...................
3,108,AGCGTGTACAGTGATATCAGAAGTGTGGTGACGGGTA,......(((.((...((((......)))).))..))),0.425,GGAGAGCTCGTGTGTGAGAGCATTAAGTGAACTGACTGGT,.....((((........))))..(.(((......))).).,0.1794871794871795,TAGTTCTACCAGCGGTTCGAAATAGTGAAGTGTTCGTGA,....(..((.((((.((((......)))).)))).)).),11,ACCAACATGCAGCGCTAGTGTGAGGCACGTGT,....((((((..(((....)))..)))..)))
4,109,TGAAAAGTGGATCGCGTCATGTTGTAATAGCTTTA,...(((((..((.(((......))).)).))))).,0.375,CGCTAGATAAGTGGATGCGTTTGCTGTAGTTGTCCTTCAA,.(...(((((.((...((....))..)).)))))...)..,0.2285714285714285,ACCAACAAGTTATAGTGGTAGCGGTTG,..((((..(((((....))))).)))),8,ACCAACAAGTTATAGTGGTAGCGGTTG,..((((..(((((....))))).))))
5,10,AGTGACCAGAACTTAACTCAGAGTACGGGCTGTCTCAAGAGGGA,.............(..(((.(((.((.....)))))..)))..),0.42,GATGAGAGGACCAATCACACAAATATGTGAGGTGCTGGACTCCAGCGGGA,.........(((..(((((......))))))))(((((...)))))....,0.2045454545454545,CAAAGATGCCAGCATGCTATTCTCCGAGCCGGTCGAAATA,...........(....)(((((.(((...)))..))).)),14,GAGAGTGTACGGTTACGCACTAGCTAACAGGAGTTCGTGC,................((((.(((........))).))))
8,13,TCGCCTAGGCACGTTGGGTGGCGATCCCCAGATCAAGTGTACCGTTGGTGA,(((((..((.(((((((.(((......)))..)))).))).))...))))),0.4117647058823529,GCTCTTAGGAGGTAGGGGTTCCGATCCAGGTGGCTGGGTA,.(((....)))............((((((....)))))).,0.2631578947368421,GTCCCGGTCGCGAGGGCGTCTCTGCAATAAGCTGTGAAGCCGCACGGAGTTCGGTAA,.(.((((.(.((..(((.((.(.((.....)).).)).)))...))..).)))).).,17,CATCTCGATAAAGGTGATTTTAGACTACACTGAGTTAGCTAATCTCGTGACG,(.((.(((.(.((.((((.((((......)))))))).))..).))).)).)
9,162,CTGAAAGGGAATCGGTTGCGAGTATGAAACATGCAGTC,(((.(.(....(((....)))........).).)))..,0.4222222222222222,TTACAGTGGTATCGATTGGGACGTGTGGAGCGTCAGGATGGTACA,........(((((.(((..(((((.....)))))..)))))))).,0.275,CGATAGATACGTAGGAGCGTTAGCTATAGCCGTACATAGA,...((..((((....(((....))).....))))..))..,12,ACCAGCATTGATGCAGCGCATGTGTC,..(.(((....))).......)....
10,164,GAGAGATATTAGAATCTTGTAATGTGGAGTTTAC,(....((((((.(....).))))))......)..,0.4,GAGAGTGTACGGTTACGCACTAGCTAACAGGAGTTCGTGC,................((((.(((........))).)))),0.2368421052631578,TAGGTGATTTCCACGATTATGCGGAAACAGGGCAGCGT,..(.((.(((((.((....)).))))).....)).)..,9,ACCACAGTTACAGTGGTAGCGGTTG,(((((.(...).)))))........
11,166,ATGCATATGCGACCAGAACAGAAACTGGTTGATGTCGAGGCAA,.(((.....((((...(((((...)).)))...))))..))).,0.4181818181818181,ATCCATGATGACGACTCCATTGGAGTCGGGAAGTTGGAAATGCCGAATGCGGTAA,.((((...(..(((((((...)))))))..)...))))..(((((....))))).,0.2325581395348837,CGATAGATAACGGGGTGGATTTGCAACCGCAGTACATATA,..(((..((.(....(((.(....).)))..)))..))).,13,CGATAGATAACGGGGTGGATTTGCAACCGCAGTACATATA,..(((..((.(....(((.(....).)))..)))..))).
12,167,GCCGTCTGAGGTGGTGGTCGTGATAGGCCTGA,((((((...(........)..))).)))....,0.425,CGCCCGTTGGCAGGGTGCGCTTGTTATCGTTGTCCTGCAG,.......(.((((((((((.(....).))).))))))).),0.21875,ACCAACAGCTAAGTCCGCCGATTGGTGG,(((((..((.......))...)))))..,10,ACCAACAGCTAAGTCCGCCGATTGGTGG,(((((..((.......))...)))))..
13,173,GGGCCACCATACCAAGCTGTTTAAGCTAGTTGGCCGATAG,.(((((....((..((((.....)))).))))))).....,0.425,ACCAACATGCAGCGCTAGTGTGGGTCGTA,(((.(((.((...))...))).)))....,0.2,GGCTAGAGCAGCGGGTGTGTTTGCTATACCCGGCCCTATA,(((........((((((((.....))))))))))).....,12,CCGGGCTGCGAAGTTGGCGATAAGCTACCGTAGGACGCTT,.((..(((((..(.((((.....))))))))))..))...
14,176,TGCAACCATATCGAGAACGACGGGAGTGGTTTGA,..(((((((..(..(.....)..).)))))).).,0.4117647058823529,ACCAACAGCACGTACCGGGTTTTTGT,((.((.(((.(.....).))).)))),0.2285714285714285,TTTCGCCATCTTCGATACTCTCTTTGACTCGTGAC,..((((.(((...((.....))...)).).)))).,9,TTTCGCCATCTTCGATACTCTCTTTGACTCGTGAC,..((((.(((...((.....))...)).).)))).
15,178,ACCAGCTCCAAGCGGGTGATCTATGGTAGCGACGTCTTGGCATGATG,.......(((((........(((...)))......))))).......,0.4042553191489361,AGGCAGAAAAGTGGGTACTCTTGTTAGAGCTCTACATATA,........(.(((((..((((....)))).))))).)...,0.2553191489361702,CGCCAGATAAGTGGAGGCTTTTGCTAGAGTTGTCCTTTAA,.(...(((((.(....((....))...).)))))...)..,15,GGCTAGAATAGTGGGGGCGATTGATCTAGGGGGCGCTTAA,..(((((.................)))))...........
16,179,GGGTTAGCTGGATTTGAGGAAGGGGGCAAGCAC,......(((...((.....)).......)))..,0.4210526315789473,TAGGTGATTTCCACGATTATGCGGAAACAGGGCAGCGT,..(.((.(((((.((....)).))))).....)).)..,0.2121212121212121,ACCAACACGCAGCGCTAGTGTGAGGCTTC,...........((...........))...,10,TTACAAACCCCAAACCTTCTCTT,.......................
17,180,CACATCGAGGGTGATGAGTACCTGGTGTGGACGTTAA,((((((.(((..........)))))))))........,0.4,CCCTATACAAGTGGGAGGATTAGCCATAGGCGTGGGGCAA,(((((.................(((...))).)))))...,0.225,GGCTAGGGAAGCGGCTACGTACACCTCAGCGGGCACATAA,.((((((...(((....)))...))).)))..........,11,ACCAACAAGTTACAGTGGTAGCGGTG,((((.(........))))).......
18,181,GAGACGCACCGCGCTAGGGCGAGGTGGTGTGAGGTATCATTATGG,......((((.(((....))).)))).(((((....))).))...,0.4222222222222222,ACACGCACGGACTTGTACGTATATAGCGTAAGGTTGATAG,.....((..(((((.(((((.....))))))))))..).),0.2,GAGTAATAGTCAAGATATAACCAGACAAATCCTTCTGCACGGAGGACAAA,......(.(((..(......)..))).).((((((.....))))))....,10,ACATCATGCGAGCACACGCAATAGCCTGATAAGGTTGGTAG,......((((......)))).((((((....))))))....
19,187,CGCTAGCCAGTTGGGCGGCGTTCAGGTCTAGGACGGCTC,((((.(((.....))))))).((.......)).......,0.4,GGCTAGAATAGTGGGGGCGATTGATCTAGGGGGCGCTTAA,..(((((.................)))))...........,0.275,GGGGCAGTAGGAGGTTAGGCCAGGGAGAGAGGAAGGTAGG,..(((...(......)..)))...................,16,ACCAACAGGTTTGCAGCGCGTAGTGTC,(((....))).(((...))).......
20,190,GACTCCTAGCTGAGGGCCGTGACA,....(((.....))).........,0.375,AAATCCAGGGTTGGCCGACA,....(..((.....)))...,0.1923076923076923,ACCAGCATTGATGCAGCGCATGTGTC,..(.(((....))).......)....,6,GGGTTCATCAAGGGGTATGG,...(......).........
22,193,ATCTCACCAATAACCGATTAGTGAGCGTCGGCACGTG,..(((((.(((.....))).)))))............,0.4054054054054054,ACCAACATGCAGCGTTAGTGTGGGTACGCGT,(((.(((..(...)....))).)))......,0.225,GGCTAGGGAAGCGGCTACGTACACCTCAGCGGGCACATAA,.((((((...(((....)))...))).)))..........,11,GGCTAGGGAAGCGGCTACGTACACCTCAGCGGGCACATAA,.((((((...(((....)))...))).)))..........
24,195,AACAGTACATGATAAGGGGACGTAGTGATA,(.((.(((.(..(...)..).))).)).).,0.3666666666666666,ACCAACATCATGCAGCGCGTAGTGTC,....((((.((((...)))).)))).,0.2333333333333333,ACCAACAGCACGTACCGGGTTTTTGT,((.((.(((.(.....).))).)))),8,ACCAACAGCACGTACCGGGTTTTTGT,((.((.(((.(.....).))).))))
26,201,GCTGCAAGTAGTGTGAGCGGTGGGG,(((.((.....))..))).......,0.4,CCTGCAAGGAGGTTTACCGGG,((.....)).((....))...,0.2068965517241379,CATTTCTCGCTTTGCTGGATGTTACTTTT,(((..((.((...)).)))))........,6,ACCACAGTTACAGTGGTAGCGGTTG,(((((.(...).)))))........
27,205,TCGGGCATGTCTTCAAGCTTGTGAGAATGGGAGCGTAT,.((..(((.(((.((....))..))))))....))...,0.4210526315789473,ACCAACATGCAGCGCTAGTGTGAGGCACGTGT,....((((((..(((....)))..)))..))),0.1842105263157894,TAGGTGATTTCCACGATTATGCGGAAACAGGGCAGCGT,..(.((.(((((.((....)).))))).....)).)..,10,TAGGTGATTTCCACGATTATGCGGAAACAGGGCAGCGT,..(.((.(((((.((....)).))))).....)).)..
28,206,ATTGGGAGAACAATCCACAAGTAGATGGCGAGTTCCATAGACGAGC,.(.....((((...(((........)))...)))).....).....,0.42,GATGAGAGGACCAATCACACAAATATGTGAGGTGCTGGACTCCAGCGGGA,.........(((..(((((......))))))))(((((...)))))....,0.2549019607843137,CATCTCGAACAATGCTCATGGTTTGATGACTGTTGATTGTGCGCTTGTACG,((...((.(((((..((((......))))......))))).))..))....,16,GGCTAGGGAAGCGGCTACGTACACCTCAGCGGGCACATAA,.((((((...(((....)))...))).)))..........
29,220,CCCTAAGCCTAGTAGTTATAGATAGGTAGATGTA,.(.(..(((((.((....))..)))))..).)..,0.3823529411764705,ACCAACAAGTTACAGTGGTAGCGGTG,((((.(........))))).......,0.1842105263157894,TAGGTGATTTCCACGATTATGCGGAAACAGGGCAGCGT,..(.((.(((((.((....)).))))).....)).)..,8,TAGGTGATTTCCACGATTATGCGGAAACAGGGCAGCGT,..(.((.(((((.((....)).))))).....)).)..
30,225,GCCATAAGGCTGCGCCTGAAATTGCTTGCTCGCTGAACTAGGAAATA,......((((...))))...(((.((.(.((...)).).).).))).,0.425531914893617,CAAAGATGCCAGCATGCTATTCTCCGAGCCGGTCGAAATA,...........(....)(((((.(((...)))..))).)),0.3191489361702128,ACATCATGCGAGCACACGCAATAGCCTGATAAGGTTGGTAG,......((((......)))).((((((....))))))....,18,ACATCATGCGAGCACACGCAATAGCCTGATAAGGTTGGTAG,......((((......)))).((((((....))))))....
31,227,TCTCATGGAATAGGTGGTCTCTCTAGAGTCGTG,................(.(((....))).)...,0.425,GGCCATATAACTCGGAGAGTTTCCTAGAGCTGTGCGTGAA,.((..((((.(((((((...))))..))).)))).))...,0.25,CCCTATACAAGTGGGAGGATTAGCCATAGGCGTGGGGCAA,(((((.................(((...))).)))))...,10,TTACAAACCCCAAACCTTCTCTT,.......................
32,236,GAGTAGTGATAAGCTCGAGATAACCACAGTGCT,.....(((.(............).)))......,0.4,GCCAGCGATCAAAGACGGCGAGTTGTACCCATAGGTGTCT,(((.............))).......(((....)))....,0.25,CGCCAGATAAGTGGAGGCTTTTGCTAGAGTTGTCCTTTAA,.(...(((((.(....((....))...).)))))...)..,10,TTACAAACCCCAAACCTTCTCTT,.......................
34,243,CTGATGGGCTGGTGCTTCATCGGCCGGCAAGAGTG,(((...((((((((...))))))))..)).)....,0.4,TACGGACGGGGCGTAGCGGATTGAACTGCAGAGCAGAGTG,(((.......((...((((......))))...))...))),0.2285714285714285,ACCAACAATGCCAGCGGCAGTGTCGCTCGCTT,(.(.(((.((((...)))).))).).).....,11,GGCTAGAGCAGCGGGTGTGTTTGCTATACCCGGCCCTATA,(((........((((((((.....))))))))))).....
35,245,ACACTCAGCGACGCATGCTATATTTAGTGTATC,(((((.((((.....))).....).)))))...,0.4146341463414634,ACATCATGCGAGCACACGCAATAGCCTGATAAGGTTGGTAG,......((((......)))).((((((....))))))....,0.2368421052631578,ACTGCACAATCCAACACCGATTGCAAAGGTTGTTAGGG,.(((.(((((((((......)))....)))))))))..,11,ACCAACAGCTAAGTCCGCCGATTGGTGG,(((((..((.......))...)))))..
36,248,GACTAATAGGGCACGCAGGCACCAAGGGTCG,((((..(.((((.(...))).)))..)))).,0.4193548387096774,ACCAACAATGATGCAGCGCATGTGTC,....(((.(.((((...)))))))).,0.2580645161290322,ACCAACAAGTTATAGTGGTAAGCGGTTG,..((((...((((....))))...)))),8,ACCAACAAGTTATAGTGGTAGCGGTTG,..((((..(((((....))))).))))
38,254,CAACATATTAGCGAGTGGGGGGCGTCCTAATAGTGGGTAACGATAGGCTT,......(((((.((..........)))))))...................,0.4202898550724637,GTGGAACCCATGATGAGCCGAGTTGGGGTGTGTCTCTCGTATATGGCGGAAGTGGGACAATAGTTGAGT,.....((.((.(...(............)....(....)..(((.(...........).))).))).)),0.26,GGGGCAGTAGGAGGTTAGGCCAGGGAGAGAGGAAGGTAGG,..(((...(......)..)))...................,14,GGGGCAGTAGGAGGTTAGGCCAGGGAGAGAGGAAGGTAGG,..(((...(......)..)))...................
39,259,GAAGAGGCTCGCTGGTGAGTCAGAGAGGGGCCCACG,(..(.(((((.(((......))).))...)))).).,0.425,GGAGAGCTCGTGTGTGAGAGCATTAAGTGAACTGACTGGT,.....((((........))))..(.(((......))).).,0.2222222222222222,ACCAACATGCAGCGCTAGTGTGAGGCATGCTT,...(.(((((..(((....)))..))))).).,12,ACCAACATGCAGCGCTAGTGTGAGGCATGCTT,...(.(((((..(((....)))..))))).).
40,266,GCTCATACGTTTGGGTCCACCTTGTGAGCGAA,(((((((.....(((....))))))))))...,0.425,GCTCTTAGGAGGTAGGGGTTCCGATCCAGGTGGCTGGGTA,.(((....)))............((((((....)))))).,0.25,CCGGGCTGCGAAGTTGGCGATAAGCTACCGTAGGACGCTT,.((..(((((..(.((((.....))))))))))..))...,12,CCGGGCTGCGAAGTTGGCGATAAGCTACCGTAGGACGCTT,.((..(((((..(.((((.....))))))))))..))...
41,269,TAACCCGAGTGGTTGGCCCGTTAGGGAGAGAGCCGCTTGCTCTAG,((...(((((((((..(((....)))....)))))))))...)).,0.4117647058823529,CATCTCGGGACCGTAGACCACGTGCGGAAGGTGGTCACGGCTTGCTGTACG,(.(..(((.(((((.((((((.(.....).)))))))))).)..))).).),0.2222222222222222,CGCTAGATAAGTGGATGCGTTTGCTGTAGTTGTCCTTCAA,.(...(((((.((...((....))..)).)))))...)..,13,CGCTAGATAAGTGGGCGCGTTTGCTGTAGTTGTCCTACGA,((.(((((((.((...((....))..)).)))).))))).
42,26,TCATCCACCAACAGCTGTGGAGGTGACCACAATATCGCGTTT,..........(..(((((((......))))).....)).)..,0.4285714285714285,GCCAGCGATCAAAGACGGCGAGTTGTACCCATAGGTGTCT,(((.............))).......(((....)))....,0.24,TCACACATCTCTGAAGTAGCGCCGCCGTATGTGACGCTAGGGGTTCGCCT,...........((((.(((((.(((.....))).)))))....))))...,13,ACCAACACGCAGCGCTAGTGTGAGGCTTC,...........((...........))...
43,273,CTTTTCCCTTTACCGGATAGGTTGGTTGCCAGTAGCGAGAGAAGCGGA,((((((.(.((((.((..(......)..)).)))).).))))))....,0.4230769230769231,CATCTCTCTGGTTGCTGATTCGTATGATTGTCTTAACTACAGGAGCGTGACG,((((((.(((((((..((.((....))...)).))))..)))))).)))...,0.2115384615384615,CATCTCTCTGGTTGCTGATTCGTATGATTGTCTTAACTACAGGAGCGTGACG,((((((.(((((((..((.((....))...)).))))..)))))).)))...,14,CATCTCTACAGATAGATCAAGACGTCTGGTAGCCTTGCTGTTGGATGGTACG,((((.(.((((..((..(.((....)).)....))..)))).))))).....
44,282,TGTAGATCATCAAAGGGCGTGATCCCTCTTGTT,........(.(((((((......)))).))).),0.425,TACAGATAGATCAAGACGTCTGGTAGCCTTGCTGTTGGAT,..(((((..........)))).)((((...))))......,0.2051282051282051,TAGTTCTACCAGCGGTTCGAAATAGTGAAGTGTTCGTGA,....(..((.((((.((((......)))).)))).)).),10,TAGTTCTACCAGCGGTTCGAAATAGTGAAGTGTTCGTGA,....(..((.((((.((((......)))).)))).)).)
45,285,GTTAAGCTAGATGTTGCAGGCACGGGTGATCGCTT,...((((..(((..(.(.(...)).)..))))))),0.4,ACCAACAATGCCAGCGGCAGTGTCGCTCGCTT,(.(.(((.((((...)))).))).).).....,0.2,ACCAACATGCAGCGCTAGTGTGAGGCATTGT,....((((((..(((....)))..)))).)),9,ACCAACATGCAGCGCTAGTGTGGGCTCGTT,...(((..(.(((.(......).)))))))
46,289,ATTCGGCAGACTCTCCAAGGGCTAAATA,(((.(((.....((...)).))).))).,0.425,CAAAGATGCCAGCATGCTATTCTCCGAGCCGGTCGAAATA,...........(....)(((((.(((...)))..))).)),0.1785714285714285,ACCAACAGCTAAGTTTGCGTGTGGGTTC,(((.(((((.......)).))).)))..,9,ACCAACATGCAGCGCTAGTGTGGGTCGTA,(((.(((.((...))...))).)))....
48,292,GCTGGCGCCGCTGGCTTAAGTCTGTACCGTT,((.((....((.(((....))).)).)))).,0.4,CCGGGCTGCGAAGTTGGCGATAAGCTACCGTAGGACGCTT,.((..(((((..(.((((.....))))))))))..))...,0.1935483870967742,ACCAACATACCGCAGCGTGATTAGTGTC,((.((..((.((...)))).)).))...,8,ACCAACAAGTTATAGTGGTAGCGGTTG,..((((..(((((....))))).))))
49,295,CAGCAGTGAGGGAATCCAAGCCAACGGGGCTAGCTTCACGTGCCATT,..(((((((((....((..(....)..))....)))))).)))....,0.4230769230769231,CATCTCAGTAAGTGATAATCAAATCGCCCACGTAATACCTCCATGTGTGACG,(((....(((.(((.(.((...)).)..)))....)))....))).......,0.25,CATCTCTCTGGTTGCTGATTCGTATGATTGTCTTAACTACAGGAGCGTGACG,((((((.(((((((..((.((....))...)).))))..)))))).)))...,15,ACTGCACAATCCAACACCGATTGCAAAGGTTGTTAGGG,.(((.(((((((((......)))....)))))))))..
50,296,ACTACCGCTAGCGCAAGAGGTGGGTGGCGATTAGTTGTAAAAGTG,((((.(((((.(.(.....)..).)))))..))))..........,0.4222222222222222,TACAGATAGATCAAGACGTCTGGTAGCCTTGCTGTTGGAT,..(((((..........)))).)((((...))))......,0.2,CATCTCGGGCCACATAACTGATCCTTAAGGCCTATGAGATTGTTGTGACG,(((((((((((...(((.......))).)))))..))))).)........,15,CATCTCGGGCCACATAACTGATCCTTAAGGCCTATGAGATTGTTGTGACG,(((((((((((...(((.......))).)))))..))))).)........
52,2,CCCCAGTGTTTCGTCAGGCATAAGTTTG,......((...)).(((((....))))),0.3928571428571428,ACCAACAGGTTTGCAGCGCGTAGTGTC,(((....))).(((...))).......,0.3170731707317073,ACATCATGCGAGCACACGCAATAGCCTGATAAGGTTGGTAG,......((((......)))).((((((....))))))....,10,TACTGCTTTACTGGCGGCCA,...........(((...)))
53,307,ACACGGCCAATCAGGAAGCTTTAAATGGTCTTACG,..(.(((((.(.((....))...).))))).)...,0.4230769230769231,CATCTCGTGCGACAACTCGAGACGCTTTATGCTGTTTAAATTTTCCGTGACG,(.(((((.(......).))))).)(.....).....................,0.175,CGCCAGATAAGTGGAGGCTTTTGCTAGAGTTGTCCTTTAA,.(...(((((.(....((....))...).)))))...)..,9,CGCCAGATAAGTGGAGGCTTTTGCTAGAGTTGTCCTTTAA,.(...(((((.(....((....))...).)))))...)..
54,312,ATAGATAGCGAGTACGCTAGCACTACTGTCTT,(.((((((..(((..(....)))).))))))),0.4,CGATAGATACGTAGGAGCGTTAGCTATAGCCGTACATAGA,...((..((((....(((....))).....))))..))..,0.25,CGCTAGATAAGTGGGCGCGTTTGCTGTAGTTGTCCTACGA,((.(((((((.((...((....))..)).)))).))))).,10,ACCAAAATGCAGCACTAGTGTCTGGCATGTTG,..(((.((((((((....)).)).)))).)))
55,314,GAATCAGTGATATGCGATAGATTGATAAGGGA,..((((((..(((...))).))))))......,0.4146341463414634,ACATCATGCGAGCACACGCAATAGCCTGATAAGGTTGGTAG,......((((......)))).((((((....))))))....,0.21875,ACCAACATCATGTAGTACGTAGTGTCGCC,..(.((((.((((...)))).)))).)..,8,ACCAACATGCAGCGCTAGTGTGAGGCATGTGT,....((((((..(((....)))..))))))..
56,321,GCTCGCGATGCGGGTGAGACGGGCGTCGAGAGAGTAAGCTAGT,.(((.((((((..((...))..)))))).)))...........,0.4186046511627907,GGGGCAGTAGGAGGTTAGGCCAGGGAGAGAGGAAGGTAGG,..(((...(......)..)))...................,0.2558139534883721,GGCTAGGGAAGCGGCTACGTACACCTCAGCGGGCACATAA,.((((((...(((....)))...))).)))..........,13,GGCTAGGGAAGCGGCTACGTACACCTCAGCGGGCACATAA,.((((((...(((....)))...))).)))..........
57,323,GAGGGGCTGGTCGCTCTACTTGAGCAGTGAGTAC,.....(((....((((.....))))....)))..,0.4,GAGAGTGTACGGTTACGCACTAGCTAACAGGAGTTCGTGC,................((((.(((........))).)))),0.2352941176470588,ACCAACAAGTTATAGTGGTAAGCGGTTG,..((((...((((....))))...)))),10,ACCAACAAGTTATAGTGGTAAGCGGTTG,..((((...((((....))))...))))
58,325,ACAGCGGTGCGAGGTTGCGCATAGATATGCCAGCGCTA,..((((.((.(......)((((....)))))).)))).,0.4,GGCTAGAGAAGCGGATGAGTTTCCTATAGATATCCGGCCA,((((.((....(....(.(...))....)...)).)))).,0.25,CGATAGATAACGGGGTGGATTTGCAACCGCAGTACATATA,..(((..((.(....(((.(....).)))..)))..))).,13,ACCAACAAGTTATAGTGGTAGCGGTTG,..((((..(((((....))))).))))
59,337,TAACTAGGAGCTGTTGTGATCCGCGCATAA,((.(..(((.(......).)))..)..)).,0.4,CGATAGATACGTAGGAGCGTTAGCTATAGCCGTACATAGA,...((..((((....(((....))).....))))..))..,0.2,ACCAACAGCACGTACCGGGTTTTTGT,((.((.(((.(.....).))).)))),8,ACCAACAGCACGTACCGGGTTTTTGT,((.((.(((.(.....).))).))))
61,33,GTATCGGTTTCGCATAGGTCTGGTGAGTCAGCGATGTTC,..((((....(.....)..(((......)))))))....,0.4222222222222222,TTACAGTGGTATCGATTGGGACGTGTGGAGCGTCAGGATGGTACA,........(((((.(((..(((((.....)))))..)))))))).,0.225,GGCTAGAGAAGCGAGTGTGTTTGCTACAACGGGCCGTTAA,((((.(...........(((.....))).).)))).....,11,GGCTAGAGAAGCGAGTGTGTTTGCTACAACGGGCCGTTAA,((((.(...........(((.....))).).)))).....
62,341,CTCCTCAATCTTGCACTAAGGCCGTGTCATAAGTTCCG,...(..((.((.((((.......))).)...))))..),0.4210526315789473,ACCAAAATGCAGCACTAGTGTCTGGCATGTTG,..(((.((((((((....)).)).)))).))),0.2307692307692307,TAGTTCTACCAGCGGTTCGAAATAGTGAAGTGTTCGTGA,....(..((.((((.((((......)))).)))).)).),11,TAGTTCTACCAGCGGTTCGAAATAGTGAAGTGTTCGTGA,....(..((.((((.((((......)))).)))).)).)
63,350,TAGCTCATTCATAAATAGAGAATGGAGCTGCGCAGACGGGTGAT,((((((((((.(.....).)))).))))))(...).........,0.4230769230769231,CAGCTCCGCATGTATCCCAGAGACTTACTGGCCTGATGCTAGCGGTGTGACG,(.((.((((..(((((((((.(...).))))...)))))..)))).)))...,0.28,CATCTCGGGCCACATAACTGATCCTTAAGGCCTATGAGATTGTTGTGACG,(((((((((((...(((.......))).)))))..))))).)........,18,GGCTAGGGAAGCGGCTACGTACACCTCAGCGGGCACATAA,.((((((...(((....)))...))).)))..........
65,352,GCGAGATAAGCGCAGTGAGT,(((.......))).......,0.4230769230769231,ACCAGCATTGATGCAGCGCATGTGTC,..(.(((....))).......)....,0.2307692307692307,ACCAACAAGTTACAGTGGTAGCGGTG,((((.(........))))).......,6,TACAAGGAACGGTT,..............
66,355,CAGAGTGAAATGTGCCTTTGAAGTTGCGTAGAGAGTAGGTAGCATCAA,.................((((.(((((.((.....)).))))).)))),0.4166666666666667,CGCTAGATACGTGAATGTGTTTGACAGAGCCGGTCATCAA,...(.((((((....(((.....)))....)).).))).),0.1538461538461538,CATCTCAAATCGACCAATGCCATTAAGCTCCTATGTGTTCTTACTAGTGACG,.................(((.(.((((..((...).)..)))).).)))...,10,GAGAGTGTACGGTTACGCACTAGCTAACAGGAGTTCGTGC,................((((.(((........))).))))
67,356,GACGATAACATGGTTAGGGTGTCTCCTCACTTGTGAGGGGTA,(((..((((...))))....)))((((((....))))))...,0.4285714285714285,GCTCTTAGGAGGTAGGGGTTCCGATCCAGGTGGCTGGGTA,.(((....)))............((((((....)))))).,0.2619047619047619,ACATCATGCGAGCACACGCAATAGCCTGATAAGGTTGGTAG,......((((......)))).((((((....))))))....,17,ACATCATGCGAGCACACGCAATAGCCTGATAAGGTTGGTAG,......((((......)))).((((((....))))))....
68,363,TAGGTTGCCATAAAGCGCGTGGTACCTGG,(((((.(((((.......)))))))))).,0.3793103448275862,GGGTTCATCAAGGGGTATGG,...(......).........,0.1724137931034483,ACCAACAGCTAAGTTTGCGTGTGGGTTC,(((.(((((.......)).))).)))..,7,ACCAACAGCTAAGTTTGCGTGTGGGTTC,(((.(((((.......)).))).)))..
69,369,GCTGCGTTCAATGAGTTCGACACTGAAGGTACCAA,(.(((.((((.((.......)).)))).))).)..,0.375,CGCTAGATACGTGAATGTGTTTGACAGAGCCGGTCATCAA,...(.((((((....(((.....)))....)).).))).),0.2,ACCAACAGCTAAGTTTGCGTGTGGGTTC,(((.(((((.......)).))).)))..,7,ACCAACAGCTAAGTTTGCGTGTGGGTTC,(((.(((((.......)).))).)))..
70,374,CTCCAATAGTGTAGACTCAGTGAGCCACGTTATC,.....(((((((.(.(((...))).)))))))).,0.4117647058823529,ACCAACAGGCAGCTCGGCCCCGTTTGCG,..((((.((..((...)))).))).)..,0.1764705882352941,ACCAACATGCAGCGCTAGTGTGAGGCATGTGT,....((((((..(((....)))..))))))..,8,ACCAACATGCAGCGCTAGTGTGAGGCATGTGT,....((((((..(((....)))..))))))..
72,386,GCTAACCAGCTAAGCACTACAGGGTGATTAATAGCA,((((......(((.((((....)))).))).)))).,0.4166666666666667,ACCAACATACCGCAGCGTGATTAGTGTC,((.((..((.((...)))).)).))...,0.2222222222222222,ACCAACATGCAGCGCTAGTGTGCGGCACGCGC,..(..(.(((.((((....)))).))).).).,13,ACCAACAAGTTATAGTGGTAGCGGTTG,..((((..(((((....))))).))))
73,38,CGTTAGGCCTTAGTTAGTGTTGCAGTCATGGTA,........(.(.(...((...))...)).)...,0.4,TTCAGCGATGCACGCTTGTTTTAATGTTGCACCCATGTTA,..((..(.(((((..(((...))).).)))).)..))...,0.25,TTGATCGGGGCTGTGCGGGTAGGAAGTAATAGTGAG,.....(....((.(.(.........).)..))...),10,TTACAAACCCCAAACCTTCTCTT,.......................
74,390,TACTGGTCTTATCAAGTGCGATTATACAGCAAGAGGT,.........(...)..(((..(...)..)))......,0.425,TACGGACGGGGCGTAGCGGATTGAACTGCAGAGCAGAGTG,(((.......((...((((......))))...))...))),0.3,GGCTAGAGAAGCGAGTGTGTTTGCTACAACGGGCCGTTAA,((((.(...........(((.....))).).)))).....,14,TTACAAACCCCAAACCTTCTCTT,.......................
75,395,GTGGAGTAAATAGGTGTGTTTAGCAGTCAG,.((...((((((....)))))).....)).,0.4,TTTTGTCAGCGACTCGAAATAGTGTGTTGAAGCAGCTCTA,.......(((.(((......)))..)).((......))).,0.25,TACAGCGATTAACGCTTATTTTAGCGTTACACCCATGTTA,.(((..(..(((((((......)))))))...)..)))..,10,TACAGCGATTAACGCTTATTTTAGCGTTACACCCATGTTA,.(((..(..(((((((......)))))))...)..)))..
76,398,CGTTTAGCAGTTTGTAGGCGTGCACGATCGATCGGTCAACTTGGGAGTA,...((..((((.(((.((...(.....)...)).).))))).)..))..,0.3877551020408163,GCTCTTAGGAGGTAGGGGTTCCGATCCAGGTGGCTGGGTA,.(((....)))............((((((....)))))).,0.2264150943396226,CATCTCTGCTTCGCAGTAGGCCAATTATCTCATTCTACCTGCTTGTCGTGACG,(.((.(.((...((((((((...(.....)...)))).))))..)).).)).),15,TTCAGCGATGCACGCTTGTTTTAATGTTGCACCCATGTTA,..((..(.(((((..(((...))).).)))).)..))...
77,3,GTTTGTAGGCTGATACGAGATAGGTAGGGGGGGTTG,.............(((.......)))..........,0.425,ACACGCACGGACTTGTACGTATATAGCGTAAGGTTGATAG,.....((..(((((.(((((.....))))))))))..).),0.2307692307692307,GTGCTTGCGACGAGGTAGGGGTTCCGATCCAATGGGCTG,((.......))...((.((....)).).)..........,13,TTACAAACCCCAAACCTTCTCTT,.......................
78,402,TGTCGGAAAGCATCTGCTCCACGAGCGGGCGCTTAGTGACG,(((((..((((.(((((((...))))))).))))..))))),0.4230769230769231,CATCTCGATAAAGGTGATTTTAGACTACACTGAGTTAGCTAATCTCGTGACG,(.((.(((.(.((.((((.((((......)))))))).))..).))).)).),0.2195121951219512,GGCCATATAACTCGGAGAGTTTCCTAGAGCTGTGCGTGAA,.((..((((.(((((((...))))..))).)))).))...,13,GGCCATATAACTCGGAGAGTTTCCTAGAGCTGTGCGTGAA,.((..((((.(((((((...))))..))).)))).))...
79,403,GCGATAATGAGAGGTCTGGGGGTTGGTCCAAGCGGTGTCCAG,...............(((((.....(......)....))))),0.4285714285714285,GCTCTTAGGAGGTAGGGGTTCCGATCCAGGTGGCTGGGTA,.(((....)))............((((((....)))))).,0.2142857142857142,GAGAGTGTACGGTTACGCACTAGCTAACAGGAGTTCGTGC,................((((.(((........))).)))),16,CAAAGATGCCAGCATGCTATTCTCCGAGCCGGTCGAAATA,...........(....)(((((.(((...)))..))).))
80,404,GTGATCCCGATCTGGACGCAGTCGTG,...((....))(..(((...)))..),0.4230769230769231,GGGTCTCCAGCTGGACGTTA,....((((....))).)...,0.3076923076923077,TACTGCTTTACTGGCGGCCA,...........(((...))),10,TACTGCTTTACTGGCGGCCA,...........(((...)))
82,41,TCTGTAGGGGTGGCGTCTCTGAC,...((((((.(...).))))).),0.4285714285714285,TTTCGCCAGAAGCATAGTGACTCGTGAC,((((....))))....((.(....).)),0.2608695652173913,AAGTCACCCTTTTGGGTG,....(((((....))))),7,AAGTCACCCTTTTGGGTG,....(((((....)))))
83,420,AGTGGATAGGCAGGAGTGTGTCAAGTGCATA,......((.(((.((.....))...))).)),0.425,CGCTAGATACGTGAATGTGTTTGACAGAGCCGGTCATCAA,...(.((((((....(((.....)))....)).).))).),0.2258064516129032,ACCAACATGCAGCGCTAGTGTGAGGCATTGT,....((((((..(((....)))..)))).)),10,ACCAACATGCAGCGCTAGTGTGAGGCATTGT,....((((((..(((....)))..)))).))
86,425,TAGCTAGGGGCGTTCCCTGTGAACT,.((..(((((...))))).....)),0.4,CAGGTAGGGGTCCCGGTCA,..(...((....))...).,0.24,ATGATGCAGCGCATGTGTC,...((((...)))).....,6,ATGATGCAGCGCATGTGTC,...((((...)))).....
87,426,CGGTCCAATAAGCTACACGAATGGGTACGATAA,........((.(.(((.(....).))))..)).,0.4242424242424242,ACCAACAAGTTACAGTGGTAGCGGTG,((((.(........))))).......,0.2727272727272727,ACCAACAATGATGCAGCGCATGTGTC,....(((.(.((((...)))))))).,11,ACCAACAATGATGCAGCGCATGTGTC,....(((.(.((((...)))))))).
88,429,TGGAACAAGGCTTAGCTGCCAAGCGCGGTAGCCAA,(((.((...((((.(...).))))...))..))).,0.4285714285714285,ACCAACAGGTTTGCAGCGCGTAGTGTC,(((....))).(((...))).......,0.225,CGATAGATAACGGGGTGGATTTGCAACCGCAGTACATATA,..(((..((.(....(((.(....).)))..)))..))).,9,ACCAACAGCTAAGTTCGCCATTTGGTGG,(((((..((.(...).))...)))))..
90,433,ATGCCAGTCCGTGAGCGACTTTACGGAATCCAGAATGCACAGGGCTT,(.(((.((((((.((...).).))))).(.((...)).))..))).),0.425531914893617,GTGCTTGCGACGAGGTAGGGGTTCCGATCCAATGGGCTG,((.......))...((.((....)).).)..........,0.2978723404255319,TAGGTGATTTCCACGATTATGCGGAAACAGGGCAGCGT,..(.((.(((((.((....)).))))).....)).)..,19,TAGGTGATTTCCACGATTATGCGGAAACAGGGCAGCGT,..(.((.(((((.((....)).))))).....)).)..
91,434,CTATGACGGAGCTCACAGAGCTCATAATGGCTGTAAAGCGTATATCAG,........((((((...))))))(((...(((....)))...)))...,0.4166666666666667,ACACGCACGGACTTGTACGTATATAGCGTAAGGTTGATAG,.....((..(((((.(((((.....))))))))))..).),0.2363636363636363,TTTCGCCATCTTTAGGAATATCTATTCCACGGCTCACGAAATAGTGACTCGTGAC,...........(..(((((....)))))((((.((((......)))).)))).).,17,ACATCATGCGAGCACACGCAATAGCCTGATAAGGTTGGTAG,......((((......)))).((((((....))))))....
92,435,ATAAGCGGTTTGATGCTTGGCTCCAGGTGAA,..(((((......)))))(....).......,0.4193548387096774,ACCAGCATTGATGCAGCGCATGTGTC,..(.(((....))).......)....,0.2580645161290322,ACCAGCATTGATGCAGCGCATGTGTC,..(.(((....))).......)....,10,ACCACAGTTACAGTGGTAGCGGTTG,(((((.(...).)))))........
93,438,GTGGTGGTCTGGCTCATCAGTCTAGTGGCGTAACTCGCACGTGATAGTTGCCCCGTG,((((.(((((((((....)))).))(.((((.......)))).).....))))))).,0.4210526315789473,TCGCCATCTTGACGCATATCGTTTTCGATAGCACGTGTTAGTGACTCGT,.((.((...)).))(.(((((....)))))).(((.(((...))).))),0.3157894736842105,AGAAGTGCACTTTGATTAAGTGCAGCCTGGTGAATAGTTCGCATGGAGTTCGGTAA,.(((.(((((((.....))))))).((..(((((...)))))..))..))).....,28,CATCTCCCAATTACGGAATAAGTGAAATGTCTTAGACCTACTATTGTGACG,...(((.((((...((..((((........))))..))....)))).)).)
94,441,CTCCATCGCGTGTAAGCGGCGTCCATTGGACGCACTAGGCGGCGG,..((.((((......(..((((((...)))))).)...)))).)),0.42,TCACACATCTCTGAAGTAGCGCCGCCGTATGTGACGCTAGGGGTTCGCCT,...........((((.(((((.(((.....))).)))))....))))...,0.24,CATCTCCACTCCAACGGGGATTATGACATAGTCCCACTATGGTGAGTGCG,(.((..(((.(..(..((((((((...))))))))..)..)))).).).),17,GGCCATATAACTCGGAGAGTTTCCTAGAGCTGTGCGTGAA,.((..((((.(((((((...))))..))).)))).))...
95,443,AGGAACGCTATAGCCATAGACATTAGGCAGTAG,.......((((.(((.(((...)))))).)))),0.4242424242424242,ACCAACAGCTAAGTTCGCCATTTGGTGG,(((((..((.(...).))...)))))..,0.2424242424242424,ACCAACAAGTTATAGTGGTAGCGGTTG,..((((..(((((....))))).)))),9,ACCAACATCATGCAGCGCGTAGTGTC,....((((.((((...)))).)))).
96,447,GACTGCAACTAGAGAGCGCATGACGGGATCATAGCT,.......((....).((..((((.....)))).))),0.4166666666666667,GTCGCCACTCAAGAAGAGGACCAGATAGTGAGGT,.(.(...(((.....)))...).)..........,0.25,GAGAGTGTACGGTTACGCACTAGCTAACAGGAGTTCGTGC,................((((.(((........))).)))),16,AAAGGGCGGGCAAACTCTGG,....................
98,453,GCAGCTCTTTCCTCAATGTGTATG,......(.(.(........).).),0.4166666666666667,GGGTTCATCAAGGGGTATGG,...(......).........,0.2083333333333333,TCATGCAGCGCGTAGTGTC,.......((.......).),5,TCATGCAGCGCGTAGTGTC,.......((.......).)
99,455,GATCCTGGGGATGTGCAGGAGCTCGTGGAAGCTTTACTGGGCTAGCGGACATCG,.........(((((.(.(.((((((.(.((...)).)))))))..).)))))).,0.4259259259259259,CATCTCGGGACCGTAGACCACGTGCGGAAGGTGGTCACGGCTTGCTGTACG,(.(..(((.(((((.((((((.(.....).)))))))))).)..))).).),0.2222222222222222,TTACAGTGGTATCGATTGGGACGTGTGGAGCGTCAGGATGGTACA,........(((((.(((..(((((.....)))))..)))))))).,15,TTACAGTGGTATCGATTGGGACGTGTGGAGCGTCAGGATGGTACA,........(((((.(((..(((((.....)))))..)))))))).
100,456,TTCGGTTGCGCGTGAGTAGGGGCTACGATTAGTTAATTCC,...((.....(....((((...)))))...........)),0.425,GTGCTTGCGACGAGGTAGGGGTTCCGATCCAATGGGCTG,((.......))...((.((....)).).)..........,0.25,GGCTAGAATAGTGGGGGCGATTGATCTAGGGGGCGCTTAA,..(((((.................)))))...........,17,TTACAAACCCCAAACCTTCTCTT,.......................
101,464,GCGTCACTGTCCTAGGTAACTACGTT,((((...((.(....)))...)))).,0.4230769230769231,GGGAAGCCAGTGGTACGTT,..(...((...))..)...,0.1785714285714285,ACCAACAGCTAAGTCCGCCGATTGGTGG,(((((..((.......))...)))))..,6,ACCAACAAGTTATAGTGGTAAGCGGTTG,..((((...((((....))))...))))
102,466,TACATTGTCATACGTGTACGGGCGAGTGCAGAGAG,(((((.((...))))))).................,0.425,TACGGACGGGGCGTAGCGGATTGAACTGCAGAGCAGAGTG,(((.......((...((((......))))...))...))),0.275,GGGGCAGTAGGAGGTTAGGCCAGGGAGAGAGGAAGGTAGG,..(((...(......)..)))...................,12,CATTTCTCGCTTTGCTGGATGTTACTTTT,(((..((.((...)).)))))........
104,476,GCTGTCTCTCGCTCCTGGTCAA,((........))..........,0.3636363636363636,TGGTCTCGCGGTTCCTGGTTA,.....................,0.1818181818181818,AAAGGGCGGGCAAACTCTGG,....................,6,AAAGGGCGGGCAAACTCTGG,....................
105,47,ACGACATCCAGTGACCCAAGTCGCGTGATAT,...(.(((..(((((....)))))..))).),0.4193548387096774,ACCAACAATGATGCAGCGCATGTGTC,....(((.(.((((...)))))))).,0.1290322580645161,ACCAACAAGTTATAGTGGTAGCGGTTG,..((((..(((((....))))).)))),4,ACCAACAAGTTATAGTGGTAGCGGTTG,..((((..(((((....))))).))))
106,482,CGTCTCCAGGACAGTCGACACAACGTGCCATGCAGCTAGAGTAC,.(((((.((..(....(.(((...))).)..)...)).))).)),0.3846153846153846,CATCTCTACAGATAGATCAAGACGTCTGGTAGCCTTGCTGTTGGATGGTACG,((((.(.((((..((..(.((....)).)....))..)))).))))).....,0.2272727272727272,GGCTAGAGAAGCGGATGAGTTTCCTATAGATATCCGGCCA,((((.((....(....(.(...))....)...)).)))).,14,GGCTAGAGAAGCGGATGAGTTTCCTATAGATATCCGGCCA,((((.((....(....(.(...))....)...)).)))).
107,486,TCAAACGTGGAGTGGCTACTCAGGAGGG,((...(.(.((((....))))).)..)),0.425,TACGGACGGGGCGTAGCGGATTGAACTGCAGAGCAGAGTG,(((.......((...((((......))))...))...))),0.25,ACCAACATGCAGCGCTAGTGTGCGGCACGCGC,..(..(.(((.((((....)))).))).).).,10,GGGTCTCCAGCTGGACGTTA,....((((....))).)...
108,488,CTACAACTCGGCGAATATCACTAGCGGGAAACCGTCAGATAAGGTAGAGGG,...(..(((.((...((((....((((....))))..))))..)).))).),0.4285714285714285,TGTATGCTAGCTCGGGGAGAAACATCTTTGCGGGATAAGGCCGCCGATAGAGCGGAAGCGACTTGGTTGT,.((..(((((.(((....(.((....))..).........((((.......))))...))).))))).)),0.2352941176470588,TTTACCCAAGAAGGGGTGCGTACTATGCTACCTTATTAACG,....(..((.((((...((((...))))..)))).))...),14,TTTACCCAAGAAGGGGTGCGTACTATGCTACCTTATTAACG,....(..((.((((...((((...))))..)))).))...)
109,497,ACGATTGCGCTACGTGTTGAGGTACATAGGGCGGTAA,......(((...)))..((..((.(...).))..)).,0.425,GGCTAGAGAAGCGAGTGTGTTTGCTACAACGGGCCGTTAA,((((.(...........(((.....))).).)))).....,0.3170731707317073,ACATCATGCGAGCACACGCAATAGCCTGATAAGGTTGGTAG,......((((......)))).((((((....))))))....,16,GGGTTCGGTGGAGCGGCGCGA,.....................
110,499,CTTATACGAGAGTGGCTCGTGAGCAGCGTATAA,.(((((((......(((....)))..))))))),0.4,CGCTAGATACGTGAATGTGTTTGACAGAGCCGGTCATCAA,...(.((((((....(((.....)))....)).).))).),0.2424242424242424,ACCAACATGCAGCGCTAGTGTGAGGCATTGT,....((((((..(((....)))..)))).)),10,ACCAACATGCAGCGCTAGTGTGAGGCATTGT,....((((((..(((....)))..)))).))
111,500,GTGCTATAGCTGGGATGGTGGCGAAGTGTGTCCTTAGCCAGTTAGCCCTACT,.......((..(((.((.((((.(((......))).))))..)).)))..)),0.4230769230769231,GGCTAGAGCAGCGGGTGTGTTTGCTATACCCGGCCCTATA,(((........((((((((.....))))))))))).....,0.2307692307692307,TCACACATCTCTGAAGTAGCGCCGCCGTATGTGACGCTAGGGGTTCGCCT,...........((((.(((((.(((.....))).)))))....))))...,14,ACACGCACGGACTTGTACGTATATAGCGTAAGGTTGATAG,.....((..(((((.(((((.....))))))))))..).)
113,511,CTTCACTAGTGACATAGTAATAGGCTA,(((.((((......)))).).))....,0.4074074074074074,AGTATATCAAGTGAATGGCA,.((...((....))...)).,0.2068965517241379,ACCAACATGCAGCGCTAGTGTGGGTCGTA,(((.(((.((...))...))).)))....,6,AGTCGGCCCCAGCTGGTTCGC,((.((((....)))).))...
114,51,CCCAGACATGAAATGGCTGTCCAGCATCTAGTGATA,....(.(((.(.((.(((....))))).).))).).,0.4166666666666667,ACCAACAATGATGCAGCGCATGTGTC,....(((.(.((((...)))))))).,0.1944444444444444,ACCAACATGCAGCGCTAGTGTGAGGCATGCTT,...(.(((((..(((....)))..))))).).,9,ACCAACATCATGTAGTACGTAGTGTCGCC,..(.((((.((((...)))).)))).)..
115,54,ATTGCTGGAGGAGCTGTAGACACAGTGTCATG,((.(((.....))).)).((((...))))...,0.425,CGATAGATACGTAGGAGCGTTAGCTATAGCCGTACATAGA,...((..((((....(((....))).....))))..))..,0.325,TACAGATAGATCAAGACGTCTGGTAGCCTTGCTGTTGGAT,..(((((..........)))).)((((...))))......,13,CCTGCAAGGAGGTTTACCGGG,((.....)).((....))...
118,5,AGCTAGTGAGCAATATGCGAGGTGGTGGT,..(......(((...))).........).,0.40625,ACCAACATGCAGCGCTAGTGTGAGGCACGTGT,....((((((..(((....)))..)))..))),0.2413793103448276,CTACCCTCAAGCGACTTCTCTCG,...(....(((...))).....),8,GGGTTCGGTGGAGCGGCGCGA,.....................
119,66,GCGGCCGTACCTCCGGCCGTTTCTAC,(((((((......)))))))......,0.4230769230769231,GGGTCTCCAGCCGGACGTTA,....((((....))).)...,0.1538461538461538,ACCAACAAGTTACAGTGGTAGCGGTG,((((.(........))))).......,8,ACCAACAAGTTACAGTGGTAGCGGTG,((((.(........))))).......
120,70,CATCTTTTTCGCAAGCGCAGTTCTACCTCGATATCCGCGGTAGGTGA,(((((.(..((....))..).....((.((.....)).)).))))).,0.4150943396226415,CATCTCTGCTTCGCAGTAGGCCAATTATCTCATTCTACCTGCTTGTCGTGACG,(.((.(.((...((((((((...(.....)...)))).))))..)).).)).),0.2340425531914893,TCTCTTTCTGCAGAGGAGGTAGGGGTTCCGCTCCAAGGGC,.(((((.(..........)..(.(......).).))))).,15,TCTCTTTCTGCAGAGGAGGTAGGGGTTCCGCTCCAAGGGC,.(((((.(..........)..(.(......).).))))).
121,71,GTAAGAGGTAGTGAGCCTCGGGAATACGTCGGGC,(((.(((((.....))))).....))).......,0.425,GAGAGTGTACGGTTACGCACTAGCTAACAGGAGTTCGTGC,................((((.(((........))).)))),0.2941176470588235,ACCAACATGCAGCGTTAGTGTGGGTACGCGT,(((.(((..(...)....))).)))......,12,ACCAACAGCTAAGTTTGCGTGTGGGTTC,(((.(((((.......)).))).)))..
122,74,GTGCCTCAACCCAGGTGGATAGAGCGTCT,(.(.(((.(.((....)).).)))).)..,0.4137931034482758,GGGAAGCCAGTGGTACGTT,..(...((...))..)...,0.1724137931034483,ACCAACATCATGTAGTACGTAGTGTCGCC,..(.((((.((((...)))).)))).)..,8,ACCAACATCATGTAGTACGTAGTGTCGCC,..(.((((.((((...)))).)))).)..
123,75,CCTATCATATAGGGCTAGAGCTTGT,(((((...)))))((....))....,0.3870967741935484,ACCAACATGCAGCGCTAGTGTGAGGCATTGT,....((((((..(((....)))..)))).)),0.28,CCTGCAAGGAGGTTTACCGGG,((.....)).((....))...,8,ACCACAGTTACAGTGGTAGCGGTTG,(((((.(...).)))))........
124,77,CCTCGTACATAGGGAGATGCAGGGATGGCAAACCAACATGTGGCATG,.((.((((((..((...(((.(...).)))..))...))))).)).),0.425531914893617,GTGCTTGCGACGAGGTAGGGGTTCCGATCCAATGGGCTG,((.......))...((.((....)).).)..........,0.2127659574468085,CGCCAGATAAGTGGAGACTTTTGCTATAGTTGTCCTTGTA,.((.((((((.((.((.(....))).)).))))).).)).,13,CGCCAGATAAGTGGAGACTTTTGCTATAGTTGTCCTTGTA,.((.((((((.((.((.(....))).)).))))).).)).
125,7,CATGTGGCTCGATAGCTACTCCAGCAGCTAAGAGGGGTCACG,..((((((((..(((((.(....).)))))....)))))))),0.42,CATCTCGGGCCACATAACTGATCCTTAAGGCCTATGAGATTGTTGTGACG,(((((((((((...(((.......))).)))))..))))).)........,0.2549019607843137,CATCTCCCAATTACGGAATAAGTGAAATGTCTTAGACCTACTATTGTGACG,...(((.((((...((..((((........))))..))....)))).)).),13,TTACAGTGGTATCGATTGGGACGTGTGGAGCGTCAGGATGGTACA,........(((((.(((..(((((.....)))))..)))))))).
127,85,TGGGGAGTAGGACAGTGAGTGATGTTACGTAGTTAGGGAGTG,.(..........((.....)).....((...)).......).,0.4285714285714285,GGGGCAGTAGGAGGTTAGGCCAGGGAGAGAGGAAGGTAGG,..(((...(......)..)))...................,0.3095238095238095,TTGATCGGGGCTGTGCGGGTAGGAAGTAATAGTGAG,.....(....((.(.(.........).)..))...),18,GGGGCAGTAGGAGGTTAGGCCAGGGAGAGAGGAAGGTAGG,..(((...(......)..)))...................
128,86,CGGTACGCATGGCTGAGGTAGCGGCCACGCGATTATAAGGGG,(..(.(((.((((((......)))))).)))......)..).,0.4047619047619047,GGCAGCGAATAGAGGAGGTAGGGGTTCCGCTCCAAGGGC,((.((((.(...............)..))))))......,0.2619047619047619,TAGGTGATTTCCACGATTATGCGGAAACAGGGCAGCGT,..(.((.(((((.((....)).))))).....)).)..,14,ACCAACATGCAGCGCTAGTGTGCGGCACGCGC,..(..(.(((.((((....)))).))).).).
129,89,GTAGGTCAGAGATCCCTCTGGCATCCAGTGGGAACGCAGGTGTACGTTG,(((.(((.(.(.((((.((((...)))).)))).).).))).)))....,0.4035087719298245,GTCCCGGTCGCGAGGGCGTCTCTGCAATAAGCTGTGAAGCCGCACGGAGTTCGGTAA,.(.((((.(.((..(((.((.(.((.....)).).)).)))...))..).)))).).,0.2307692307692307,CATCTCGATAAAGGTGATTTTAGACTACACTGAGTTAGCTAATCTCGTGACG,(.((.(((.(.((.((((.((((......)))))))).))..).))).)).),13,CATCTCGATAAAGGTGATTTTAGACTACACTGAGTTAGCTAATCTCGTGACG,(.((.(((.(.((.((((.((((......)))))))).))..).))).)).)
130,98,TGCAAGTACATCACAGCTACGCTCGGTAGGCGATGGCATGGTACG,.....((((..((..(((((((.(....)))).)))).)))))).,0.3846153846153846,CATCTCTACAGATAGATCAAGACGTCTGGTAGCCTTGCTGTTGGATGGTACG,((((.(.((((..((..(.((....)).)....))..)))).))))).....,0.2444444444444444,TAGTTCTACCAGCGGTTCGAAATAGTGAAGTGTTCGTGA,....(..((.((((.((((......)))).)))).)).),14,TAGTTCTACCAGCGGTTCGAAATAGTGAAGTGTTCGTGA,....(..((.((((.((((......)))).)))).)).)
131,9,CATATGCGGGTGGTATGCGATACACTCAGCCAGGTA,.((..((.(((.((((...)))))).).))...)).,0.4,CGATAGATAACGGGGTGGATTTGCAACCGCAGTACATATA,..(((..((.(....(((.(....).)))..)))..))).,0.1944444444444444,ACCAACATGCAGCGCTAGTGTGCGGCACGCGC,..(..(.(((.((((....)))).))).).).,10,ACCAACATGCAGCGCTAGTGTGCGGCACGCGC,..(..(.(((.((((....)))).))).).).
